{
    "epoch": 10.0,
    "eval_T005_f1": 0.5581395348837209,
    "eval_T005_number": 25,
    "eval_T005_precision": 0.6666666666666666,
    "eval_T005_recall": 0.48,
    "eval_T007_f1": 0.5853658536585367,
    "eval_T007_number": 45,
    "eval_T007_precision": 0.6486486486486487,
    "eval_T007_recall": 0.5333333333333333,
    "eval_T017_f1": 0.6768747546132705,
    "eval_T017_number": 1233,
    "eval_T017_precision": 0.6560121765601218,
    "eval_T017_recall": 0.6991078669910786,
    "eval_T022_f1": 0.42857142857142855,
    "eval_T022_number": 9,
    "eval_T022_precision": 0.6,
    "eval_T022_recall": 0.3333333333333333,
    "eval_T031_f1": 0.55,
    "eval_T031_number": 22,
    "eval_T031_precision": 0.6111111111111112,
    "eval_T031_recall": 0.5,
    "eval_T033_f1": 0.5294992563212693,
    "eval_T033_number": 991,
    "eval_T033_precision": 0.52046783625731,
    "eval_T033_recall": 0.5388496468213926,
    "eval_T037_f1": 0.5476190476190476,
    "eval_T037_number": 44,
    "eval_T037_precision": 0.575,
    "eval_T037_recall": 0.5227272727272727,
    "eval_T038_f1": 0.6970160673297628,
    "eval_T038_number": 2568,
    "eval_T038_precision": 0.6849624060150376,
    "eval_T038_recall": 0.7095015576323987,
    "eval_T058_f1": 0.6058486967577876,
    "eval_T058_number": 1487,
    "eval_T058_precision": 0.5744424352019288,
    "eval_T058_recall": 0.6408876933422999,
    "eval_T062_f1": 0.5448275862068965,
    "eval_T062_number": 552,
    "eval_T062_precision": 0.5197368421052632,
    "eval_T062_recall": 0.572463768115942,
    "eval_T074_f1": 0.5932203389830509,
    "eval_T074_number": 115,
    "eval_T074_precision": 0.5785123966942148,
    "eval_T074_recall": 0.6086956521739131,
    "eval_T082_f1": 0.5911528150134048,
    "eval_T082_number": 742,
    "eval_T082_precision": 0.588,
    "eval_T082_recall": 0.5943396226415094,
    "eval_T091_f1": 0.4,
    "eval_T091_number": 20,
    "eval_T091_precision": 0.4666666666666667,
    "eval_T091_recall": 0.35,
    "eval_T092_f1": 0.19444444444444445,
    "eval_T092_number": 37,
    "eval_T092_precision": 0.2,
    "eval_T092_recall": 0.1891891891891892,
    "eval_T097_f1": 0.16666666666666666,
    "eval_T097_number": 15,
    "eval_T097_precision": 0.14285714285714285,
    "eval_T097_recall": 0.2,
    "eval_T098_f1": 0.7122905027932961,
    "eval_T098_number": 351,
    "eval_T098_precision": 0.6986301369863014,
    "eval_T098_recall": 0.7264957264957265,
    "eval_T103_f1": 0.745397395599461,
    "eval_T103_number": 2187,
    "eval_T103_precision": 0.7322452580502867,
    "eval_T103_recall": 0.7590306355738454,
    "eval_T168_f1": 0.4727272727272727,
    "eval_T168_number": 28,
    "eval_T168_precision": 0.48148148148148145,
    "eval_T168_recall": 0.4642857142857143,
    "eval_T170_f1": 0.5662847790507364,
    "eval_T170_number": 598,
    "eval_T170_precision": 0.5544871794871795,
    "eval_T170_recall": 0.5785953177257525,
    "eval_T201_f1": 0.34285714285714286,
    "eval_T201_number": 40,
    "eval_T201_precision": 0.4,
    "eval_T201_recall": 0.3,
    "eval_T204_f1": 0.7622950819672131,
    "eval_T204_number": 478,
    "eval_T204_precision": 0.7469879518072289,
    "eval_T204_recall": 0.7782426778242678,
    "eval_loss": 0.6764878034591675,
    "eval_overall_accuracy": 0.8851054424422082,
    "eval_overall_f1": 0.6529820864067439,
    "eval_overall_precision": 0.6381611468116658,
    "eval_overall_recall": 0.668507810477259,
    "eval_runtime": 3.3477,
    "eval_samples": 2954,
    "eval_samples_per_second": 882.405,
    "eval_steps_per_second": 110.525
}