{
    "predict_T005_f1": 0.6,
    "predict_T005_number": 24,
    "predict_T005_precision": 0.75,
    "predict_T005_recall": 0.5,
    "predict_T007_f1": 0.7045454545454546,
    "predict_T007_number": 44,
    "predict_T007_precision": 0.7045454545454546,
    "predict_T007_recall": 0.7045454545454546,
    "predict_T017_f1": 0.6846915460776848,
    "predict_T017_number": 1271,
    "predict_T017_precision": 0.6634686346863469,
    "predict_T017_recall": 0.7073170731707317,
    "predict_T022_f1": 0.14285714285714285,
    "predict_T022_number": 9,
    "predict_T022_precision": 0.2,
    "predict_T022_recall": 0.1111111111111111,
    "predict_T031_f1": 0.35714285714285715,
    "predict_T031_number": 20,
    "predict_T031_precision": 0.625,
    "predict_T031_recall": 0.25,
    "predict_T033_f1": 0.5125523012552301,
    "predict_T033_number": 981,
    "predict_T033_precision": 0.5263157894736842,
    "predict_T033_recall": 0.49949031600407745,
    "predict_T037_f1": 0.5609756097560975,
    "predict_T037_number": 43,
    "predict_T037_precision": 0.5897435897435898,
    "predict_T037_recall": 0.5348837209302325,
    "predict_T038_f1": 0.69831428017826,
    "predict_T038_number": 2515,
    "predict_T038_precision": 0.6810279667422524,
    "predict_T038_recall": 0.7165009940357853,
    "predict_T058_f1": 0.5852713178294574,
    "predict_T058_number": 1473,
    "predict_T058_precision": 0.5582255083179297,
    "predict_T058_recall": 0.615071283095723,
    "predict_T062_f1": 0.5418118466898955,
    "predict_T062_number": 528,
    "predict_T062_precision": 0.5016129032258064,
    "predict_T062_recall": 0.5890151515151515,
    "predict_T074_f1": 0.5787545787545789,
    "predict_T074_number": 126,
    "predict_T074_precision": 0.5374149659863946,
    "predict_T074_recall": 0.626984126984127,
    "predict_T082_f1": 0.6330567964262923,
    "predict_T082_number": 752,
    "predict_T082_precision": 0.6085889570552148,
    "predict_T082_recall": 0.6595744680851063,
    "predict_T091_f1": 0.4242424242424242,
    "predict_T091_number": 19,
    "predict_T091_precision": 0.5,
    "predict_T091_recall": 0.3684210526315789,
    "predict_T092_f1": 0.38961038961038963,
    "predict_T092_number": 46,
    "predict_T092_precision": 0.4838709677419355,
    "predict_T092_recall": 0.32608695652173914,
    "predict_T097_f1": 0.0689655172413793,
    "predict_T097_number": 14,
    "predict_T097_precision": 0.06666666666666667,
    "predict_T097_recall": 0.07142857142857142,
    "predict_T098_f1": 0.7058823529411764,
    "predict_T098_number": 384,
    "predict_T098_precision": 0.6934673366834171,
    "predict_T098_recall": 0.71875,
    "predict_T103_f1": 0.7367959675651984,
    "predict_T103_number": 2200,
    "predict_T103_precision": 0.7113838341091833,
    "predict_T103_recall": 0.764090909090909,
    "predict_T168_f1": 0.29629629629629634,
    "predict_T168_number": 29,
    "predict_T168_precision": 0.32,
    "predict_T168_recall": 0.27586206896551724,
    "predict_T170_f1": 0.5373134328358209,
    "predict_T170_number": 590,
    "predict_T170_precision": 0.525974025974026,
    "predict_T170_recall": 0.5491525423728814,
    "predict_T201_f1": 0.39436619718309857,
    "predict_T201_number": 39,
    "predict_T201_precision": 0.4375,
    "predict_T201_recall": 0.358974358974359,
    "predict_T204_f1": 0.7888446215139442,
    "predict_T204_number": 494,
    "predict_T204_precision": 0.7764705882352941,
    "predict_T204_recall": 0.8016194331983806,
    "predict_loss": 0.7012932896614075,
    "predict_overall_accuracy": 0.8826190792092344,
    "predict_overall_f1": 0.6520499706548168,
    "predict_overall_precision": 0.6347017057047254,
    "predict_overall_recall": 0.6703732436858891,
    "predict_runtime": 3.2778,
    "predict_samples_per_second": 878.641,
    "predict_steps_per_second": 109.83
}