{
    "epoch": 10.0,
    "eval_T005_f1": 0.5333333333333332,
    "eval_T005_number": 25,
    "eval_T005_precision": 0.6,
    "eval_T005_recall": 0.48,
    "eval_T007_f1": 0.5783132530120482,
    "eval_T007_number": 45,
    "eval_T007_precision": 0.631578947368421,
    "eval_T007_recall": 0.5333333333333333,
    "eval_T017_f1": 0.6776599921476247,
    "eval_T017_number": 1233,
    "eval_T017_precision": 0.6567732115677322,
    "eval_T017_recall": 0.699918896999189,
    "eval_T022_f1": 0.30769230769230765,
    "eval_T022_number": 9,
    "eval_T022_precision": 0.5,
    "eval_T022_recall": 0.2222222222222222,
    "eval_T031_f1": 0.5128205128205129,
    "eval_T031_number": 22,
    "eval_T031_precision": 0.5882352941176471,
    "eval_T031_recall": 0.45454545454545453,
    "eval_T033_f1": 0.5326732673267326,
    "eval_T033_number": 991,
    "eval_T033_precision": 0.5228377065111759,
    "eval_T033_recall": 0.5428859737638748,
    "eval_T037_f1": 0.5250000000000001,
    "eval_T037_number": 44,
    "eval_T037_precision": 0.5833333333333334,
    "eval_T037_recall": 0.4772727272727273,
    "eval_T038_f1": 0.700590813798361,
    "eval_T038_number": 2568,
    "eval_T038_precision": 0.6860768943635684,
    "eval_T038_recall": 0.7157320872274143,
    "eval_T058_f1": 0.6151882578174857,
    "eval_T058_number": 1487,
    "eval_T058_precision": 0.5853066180935034,
    "eval_T058_recall": 0.648285137861466,
    "eval_T062_f1": 0.5545064377682403,
    "eval_T062_number": 552,
    "eval_T062_precision": 0.5269168026101142,
    "eval_T062_recall": 0.5851449275362319,
    "eval_T074_f1": 0.6016949152542372,
    "eval_T074_number": 115,
    "eval_T074_precision": 0.5867768595041323,
    "eval_T074_recall": 0.6173913043478261,
    "eval_T082_f1": 0.5879973027646662,
    "eval_T082_number": 742,
    "eval_T082_precision": 0.5883940620782726,
    "eval_T082_recall": 0.5876010781671159,
    "eval_T091_f1": 0.4,
    "eval_T091_number": 20,
    "eval_T091_precision": 0.4666666666666667,
    "eval_T091_recall": 0.35,
    "eval_T092_f1": 0.19444444444444445,
    "eval_T092_number": 37,
    "eval_T092_precision": 0.2,
    "eval_T092_recall": 0.1891891891891892,
    "eval_T097_f1": 0.1818181818181818,
    "eval_T097_number": 15,
    "eval_T097_precision": 0.16666666666666666,
    "eval_T097_recall": 0.2,
    "eval_T098_f1": 0.7075208913649026,
    "eval_T098_number": 351,
    "eval_T098_precision": 0.6920980926430518,
    "eval_T098_recall": 0.7236467236467237,
    "eval_T103_f1": 0.7460139231978441,
    "eval_T103_number": 2187,
    "eval_T103_precision": 0.7330097087378641,
    "eval_T103_recall": 0.7594878829446731,
    "eval_T168_f1": 0.44067796610169496,
    "eval_T168_number": 28,
    "eval_T168_precision": 0.41935483870967744,
    "eval_T168_recall": 0.4642857142857143,
    "eval_T170_f1": 0.5660066006600659,
    "eval_T170_number": 598,
    "eval_T170_precision": 0.5586319218241043,
    "eval_T170_recall": 0.5735785953177257,
    "eval_T201_f1": 0.35616438356164376,
    "eval_T201_number": 40,
    "eval_T201_precision": 0.3939393939393939,
    "eval_T201_recall": 0.325,
    "eval_T204_f1": 0.7690742624618515,
    "eval_T204_number": 478,
    "eval_T204_precision": 0.7485148514851485,
    "eval_T204_recall": 0.7907949790794979,
    "eval_loss": 0.6747751235961914,
    "eval_overall_accuracy": 0.8854954884676391,
    "eval_overall_f1": 0.6557943531394859,
    "eval_overall_precision": 0.6407806966976859,
    "eval_overall_recall": 0.671528437041512,
    "eval_runtime": 3.3256,
    "eval_samples": 2954,
    "eval_samples_per_second": 888.273,
    "eval_steps_per_second": 111.26
}