{
    "predict_T005_f1": 0.5641025641025641,
    "predict_T005_number": 24,
    "predict_T005_precision": 0.7333333333333333,
    "predict_T005_recall": 0.4583333333333333,
    "predict_T007_f1": 0.6896551724137931,
    "predict_T007_number": 44,
    "predict_T007_precision": 0.6976744186046512,
    "predict_T007_recall": 0.6818181818181818,
    "predict_T017_f1": 0.6893939393939394,
    "predict_T017_number": 1271,
    "predict_T017_precision": 0.664718772826881,
    "predict_T017_recall": 0.7159716758457907,
    "predict_T022_f1": 0.15384615384615383,
    "predict_T022_number": 9,
    "predict_T022_precision": 0.25,
    "predict_T022_recall": 0.1111111111111111,
    "predict_T031_f1": 0.41379310344827586,
    "predict_T031_number": 20,
    "predict_T031_precision": 0.6666666666666666,
    "predict_T031_recall": 0.3,
    "predict_T033_f1": 0.508652333508128,
    "predict_T033_number": 981,
    "predict_T033_precision": 0.5237580993520519,
    "predict_T033_recall": 0.4943934760448522,
    "predict_T037_f1": 0.6,
    "predict_T037_number": 43,
    "predict_T037_precision": 0.6486486486486487,
    "predict_T037_recall": 0.5581395348837209,
    "predict_T038_f1": 0.6956858193074096,
    "predict_T038_number": 2515,
    "predict_T038_precision": 0.6774679728711379,
    "predict_T038_recall": 0.714910536779324,
    "predict_T058_f1": 0.5893782383419689,
    "predict_T058_number": 1473,
    "predict_T058_precision": 0.5634674922600619,
    "predict_T058_recall": 0.6177868295994569,
    "predict_T062_f1": 0.5437062937062936,
    "predict_T062_number": 528,
    "predict_T062_precision": 0.5048701298701299,
    "predict_T062_recall": 0.5890151515151515,
    "predict_T074_f1": 0.5767790262172285,
    "predict_T074_number": 126,
    "predict_T074_precision": 0.5460992907801419,
    "predict_T074_recall": 0.6111111111111112,
    "predict_T082_f1": 0.6333122229259025,
    "predict_T082_number": 752,
    "predict_T082_precision": 0.6045949214026602,
    "predict_T082_recall": 0.6648936170212766,
    "predict_T091_f1": 0.4242424242424242,
    "predict_T091_number": 19,
    "predict_T091_precision": 0.5,
    "predict_T091_recall": 0.3684210526315789,
    "predict_T092_f1": 0.39473684210526316,
    "predict_T092_number": 46,
    "predict_T092_precision": 0.5,
    "predict_T092_recall": 0.32608695652173914,
    "predict_T097_f1": 0.0689655172413793,
    "predict_T097_number": 14,
    "predict_T097_precision": 0.06666666666666667,
    "predict_T097_recall": 0.07142857142857142,
    "predict_T098_f1": 0.7117346938775511,
    "predict_T098_number": 384,
    "predict_T098_precision": 0.6975,
    "predict_T098_recall": 0.7265625,
    "predict_T103_f1": 0.7436347673397717,
    "predict_T103_number": 2200,
    "predict_T103_precision": 0.7190152801358234,
    "predict_T103_recall": 0.77,
    "predict_T168_f1": 0.2857142857142857,
    "predict_T168_number": 29,
    "predict_T168_precision": 0.35,
    "predict_T168_recall": 0.2413793103448276,
    "predict_T170_f1": 0.5360995850622406,
    "predict_T170_number": 590,
    "predict_T170_precision": 0.5252032520325203,
    "predict_T170_recall": 0.5474576271186441,
    "predict_T201_f1": 0.417910447761194,
    "predict_T201_number": 39,
    "predict_T201_precision": 0.5,
    "predict_T201_recall": 0.358974358974359,
    "predict_T204_f1": 0.7881773399014776,
    "predict_T204_number": 494,
    "predict_T204_precision": 0.7677543186180422,
    "predict_T204_recall": 0.8097165991902834,
    "predict_loss": 0.69950932264328,
    "predict_overall_accuracy": 0.8827915616292955,
    "predict_overall_f1": 0.6541750503018109,
    "predict_overall_precision": 0.6367197062423501,
    "predict_overall_recall": 0.6726144297905353,
    "predict_runtime": 3.3668,
    "predict_samples_per_second": 855.423,
    "predict_steps_per_second": 106.928
}