{
    "epoch": 5.0,
    "eval_accuracy": 0.8819069140609047,
    "eval_f1": 0.646862455102472,
    "eval_loss": 0.813330888748169,
    "eval_precision": 0.6259916578064938,
    "eval_recall": 0.6691729323308271,
    "eval_runtime": 4.1667,
    "eval_samples": 2809,
    "eval_samples_per_second": 674.151,
    "eval_steps_per_second": 84.479,
    "predict_accuracy": 0.8757712143804977,
    "predict_f1": 0.6338004671338004,
    "predict_loss": 0.8264030814170837,
    "predict_precision": 0.6096934681431552,
    "predict_recall": 0.6598923050199756,
    "predict_runtime": 4.1219,
    "predict_samples_per_second": 676.872,
    "predict_steps_per_second": 84.67,
    "total_flos": 4499140213820712.0,
    "train_loss": 0.7451109531947545,
    "train_runtime": 466.3866,
    "train_samples": 22395,
    "train_samples_per_second": 240.091,
    "train_steps_per_second": 15.009
}