{
    "epoch": 5.0,
    "eval_accuracy": 0.8819069140609047,
    "eval_f1": 0.646862455102472,
    "eval_loss": 0.813330888748169,
    "eval_precision": 0.6259916578064938,
    "eval_recall": 0.6691729323308271,
    "eval_runtime": 4.1667,
    "eval_samples": 2809,
    "eval_samples_per_second": 674.151,
    "eval_steps_per_second": 84.479
}