{
    "epoch": 9.996606536881586,
    "eval_T005_f1": 0.6666666666666666,
    "eval_T005_number": 4,
    "eval_T005_precision": 1.0,
    "eval_T005_recall": 0.5,
    "eval_T007_f1": 0.0,
    "eval_T007_number": 1,
    "eval_T007_precision": 0.0,
    "eval_T007_recall": 0.0,
    "eval_T017_f1": 0.5125703564727955,
    "eval_T017_number": 1241,
    "eval_T017_precision": 0.47963483146067415,
    "eval_T017_recall": 0.5503626107977437,
    "eval_T020_f1": 0.0,
    "eval_T020_number": 2,
    "eval_T020_precision": 0.0,
    "eval_T020_recall": 0.0,
    "eval_T023_f1": 0.0,
    "eval_T023_number": 10,
    "eval_T023_precision": 0.0,
    "eval_T023_recall": 0.0,
    "eval_T024_f1": 0.0,
    "eval_T024_number": 1,
    "eval_T024_precision": 0.0,
    "eval_T024_recall": 0.0,
    "eval_T025_f1": 0.0,
    "eval_T025_number": 8,
    "eval_T025_precision": 0.0,
    "eval_T025_recall": 0.0,
    "eval_T028_f1": 0.09523809523809523,
    "eval_T028_number": 17,
    "eval_T028_precision": 0.25,
    "eval_T028_recall": 0.058823529411764705,
    "eval_T033_f1": 0.39029535864978904,
    "eval_T033_number": 1009,
    "eval_T033_precision": 0.41713641488162345,
    "eval_T033_recall": 0.3666997026759167,
    "eval_T037_f1": 0.0,
    "eval_T037_number": 2,
    "eval_T037_precision": 0.0,
    "eval_T037_recall": 0.0,
    "eval_T038_f1": 0.569351230425056,
    "eval_T038_number": 2521,
    "eval_T038_precision": 0.5371086880056278,
    "eval_T038_recall": 0.6057120190400634,
    "eval_T039_f1": 0.0,
    "eval_T039_number": 1,
    "eval_T039_precision": 0.0,
    "eval_T039_recall": 0.0,
    "eval_T044_f1": 0.0,
    "eval_T044_number": 1,
    "eval_T044_precision": 0.0,
    "eval_T044_recall": 0.0,
    "eval_T045_f1": 0.0,
    "eval_T045_number": 3,
    "eval_T045_precision": 0.0,
    "eval_T045_recall": 0.0,
    "eval_T046_f1": 0.0,
    "eval_T046_number": 5,
    "eval_T046_precision": 0.0,
    "eval_T046_recall": 0.0,
    "eval_T047_f1": 0.03571428571428572,
    "eval_T047_number": 33,
    "eval_T047_precision": 0.043478260869565216,
    "eval_T047_recall": 0.030303030303030304,
    "eval_T048_f1": 0.3333333333333333,
    "eval_T048_number": 6,
    "eval_T048_precision": 0.3333333333333333,
    "eval_T048_recall": 0.3333333333333333,
    "eval_T058_f1": 0.45332437877770315,
    "eval_T058_number": 1431,
    "eval_T058_precision": 0.4363283775048481,
    "eval_T058_recall": 0.4716981132075472,
    "eval_T062_f1": 0.5114573785517873,
    "eval_T062_number": 537,
    "eval_T062_precision": 0.5036101083032491,
    "eval_T062_recall": 0.5195530726256983,
    "eval_T074_f1": 0.5572519083969465,
    "eval_T074_number": 121,
    "eval_T074_precision": 0.5177304964539007,
    "eval_T074_recall": 0.6033057851239669,
    "eval_T082_f1": 0.5451030927835052,
    "eval_T082_number": 785,
    "eval_T082_precision": 0.5514993481095176,
    "eval_T082_recall": 0.5388535031847134,
    "eval_T098_f1": 0.69432918395574,
    "eval_T098_number": 368,
    "eval_T098_precision": 0.7070422535211267,
    "eval_T098_recall": 0.6820652173913043,
    "eval_T103_f1": 0.6100151745068285,
    "eval_T103_number": 2143,
    "eval_T103_precision": 0.5696356275303643,
    "eval_T103_recall": 0.6565562295846944,
    "eval_T109_f1": 0.3333333333333333,
    "eval_T109_number": 7,
    "eval_T109_precision": 0.4,
    "eval_T109_recall": 0.2857142857142857,
    "eval_T114_f1": 0.0,
    "eval_T114_number": 2,
    "eval_T114_precision": 0.0,
    "eval_T114_recall": 0.0,
    "eval_T116_f1": 0.0,
    "eval_T116_number": 18,
    "eval_T116_precision": 0.0,
    "eval_T116_recall": 0.0,
    "eval_T121_f1": 0.0,
    "eval_T121_number": 2,
    "eval_T121_precision": 0.0,
    "eval_T121_recall": 0.0,
    "eval_T123_f1": 0.0,
    "eval_T123_number": 1,
    "eval_T123_precision": 0.0,
    "eval_T123_recall": 0.0,
    "eval_T170_f1": 0.47405112316034087,
    "eval_T170_number": 641,
    "eval_T170_precision": 0.4707692307692308,
    "eval_T170_recall": 0.47737909516380655,
    "eval_T184_f1": 0.0,
    "eval_T184_number": 1,
    "eval_T184_precision": 0.0,
    "eval_T184_recall": 0.0,
    "eval_T190_f1": 0.0,
    "eval_T190_number": 1,
    "eval_T190_precision": 0.0,
    "eval_T190_recall": 0.0,
    "eval_T191_f1": 0.0,
    "eval_T191_number": 23,
    "eval_T191_precision": 0.0,
    "eval_T191_recall": 0.0,
    "eval_T204_f1": 0.6122448979591837,
    "eval_T204_number": 492,
    "eval_T204_precision": 0.5865921787709497,
    "eval_T204_recall": 0.6402439024390244,
    "eval_loss": 1.2323447465896606,
    "eval_overall_accuracy": 0.8588055922351243,
    "eval_overall_f1": 0.5334853475213241,
    "eval_overall_precision": 0.5159261679189807,
    "eval_overall_recall": 0.552281867459346,
    "eval_runtime": 35.9687,
    "eval_samples": 2809,
    "eval_samples_per_second": 78.096,
    "eval_steps_per_second": 39.062
}