{
    "predict_T005_f1": 0.0,
    "predict_T005_number": 1,
    "predict_T005_precision": 0.0,
    "predict_T005_recall": 0.0,
    "predict_T007_f1": 0.0,
    "predict_T007_number": 1,
    "predict_T007_precision": 0.0,
    "predict_T007_recall": 0.0,
    "predict_T017_f1": 0.5112459835772939,
    "predict_T017_number": 1282,
    "predict_T017_precision": 0.47136273864384465,
    "predict_T017_recall": 0.5585023400936038,
    "predict_T023_f1": 0.1111111111111111,
    "predict_T023_number": 11,
    "predict_T023_precision": 0.14285714285714285,
    "predict_T023_recall": 0.09090909090909091,
    "predict_T025_f1": 0.0,
    "predict_T025_number": 15,
    "predict_T025_precision": 0.0,
    "predict_T025_recall": 0.0,
    "predict_T028_f1": 0.0,
    "predict_T028_number": 13,
    "predict_T028_precision": 0.0,
    "predict_T028_recall": 0.0,
    "predict_T033_f1": 0.38968166849615804,
    "predict_T033_number": 974,
    "predict_T033_precision": 0.4186320754716981,
    "predict_T033_recall": 0.364476386036961,
    "predict_T037_f1": 0.0,
    "predict_T037_number": 2,
    "predict_T037_precision": 0.0,
    "predict_T037_recall": 0.0,
    "predict_T038_f1": 0.5434047350620068,
    "predict_T038_number": 2529,
    "predict_T038_precision": 0.5177228786251342,
    "predict_T038_recall": 0.571767497034401,
    "predict_T040_f1": 0.0,
    "predict_T040_number": 1,
    "predict_T040_precision": 0.0,
    "predict_T040_recall": 0.0,
    "predict_T044_f1": 0.0,
    "predict_T044_number": 2,
    "predict_T044_precision": 0.0,
    "predict_T044_recall": 0.0,
    "predict_T045_f1": 1.0,
    "predict_T045_number": 1,
    "predict_T045_precision": 1.0,
    "predict_T045_recall": 1.0,
    "predict_T046_f1": 0.1818181818181818,
    "predict_T046_number": 6,
    "predict_T046_precision": 0.2,
    "predict_T046_recall": 0.16666666666666666,
    "predict_T047_f1": 0.1016949152542373,
    "predict_T047_number": 35,
    "predict_T047_precision": 0.125,
    "predict_T047_recall": 0.08571428571428572,
    "predict_T048_f1": 0.0,
    "predict_T048_number": 7,
    "predict_T048_precision": 0.0,
    "predict_T048_recall": 0.0,
    "predict_T058_f1": 0.45647212259537007,
    "predict_T058_number": 1491,
    "predict_T058_precision": 0.44416243654822335,
    "predict_T058_recall": 0.4694835680751174,
    "predict_T062_f1": 0.47288135593220343,
    "predict_T062_number": 556,
    "predict_T062_precision": 0.44711538461538464,
    "predict_T062_recall": 0.5017985611510791,
    "predict_T074_f1": 0.4219409282700422,
    "predict_T074_number": 120,
    "predict_T074_precision": 0.42735042735042733,
    "predict_T074_recall": 0.4166666666666667,
    "predict_T080_f1": 0.0,
    "predict_T080_number": 0,
    "predict_T080_precision": 0.0,
    "predict_T080_recall": 0.0,
    "predict_T082_f1": 0.4924554183813443,
    "predict_T082_number": 751,
    "predict_T082_precision": 0.5077793493635078,
    "predict_T082_recall": 0.4780292942743009,
    "predict_T098_f1": 0.6983240223463688,
    "predict_T098_number": 354,
    "predict_T098_precision": 0.6906077348066298,
    "predict_T098_recall": 0.7062146892655368,
    "predict_T103_f1": 0.5987155583177958,
    "predict_T103_number": 2230,
    "predict_T103_precision": 0.5564112437427802,
    "predict_T103_recall": 0.647982062780269,
    "predict_T104_f1": 0.0,
    "predict_T104_number": 0,
    "predict_T104_precision": 0.0,
    "predict_T104_recall": 0.0,
    "predict_T109_f1": 0.0,
    "predict_T109_number": 4,
    "predict_T109_precision": 0.0,
    "predict_T109_recall": 0.0,
    "predict_T114_f1": 0.0,
    "predict_T114_number": 1,
    "predict_T114_precision": 0.0,
    "predict_T114_recall": 0.0,
    "predict_T116_f1": 0.0,
    "predict_T116_number": 13,
    "predict_T116_precision": 0.0,
    "predict_T116_recall": 0.0,
    "predict_T121_f1": 0.0,
    "predict_T121_number": 2,
    "predict_T121_precision": 0.0,
    "predict_T121_recall": 0.0,
    "predict_T170_f1": 0.4416027280477408,
    "predict_T170_number": 577,
    "predict_T170_precision": 0.43456375838926176,
    "predict_T170_recall": 0.4488734835355286,
    "predict_T184_f1": 0.0,
    "predict_T184_number": 1,
    "predict_T184_precision": 0.0,
    "predict_T184_recall": 0.0,
    "predict_T191_f1": 0.11764705882352941,
    "predict_T191_number": 17,
    "predict_T191_precision": 0.11764705882352941,
    "predict_T191_recall": 0.11764705882352941,
    "predict_T204_f1": 0.6187845303867403,
    "predict_T204_number": 517,
    "predict_T204_precision": 0.5905096660808435,
    "predict_T204_recall": 0.6499032882011605,
    "predict_loss": 1.2610522508621216,
    "predict_overall_accuracy": 0.852202462380301,
    "predict_overall_f1": 0.518558769436549,
    "predict_overall_precision": 0.49983883964544723,
    "predict_overall_recall": 0.5387354524926177,
    "predict_runtime": 35.912,
    "predict_samples_per_second": 77.69,
    "predict_steps_per_second": 38.845
}