{
    "epoch": 10.0,
    "eval_T005_f1": 0.4,
    "eval_T005_number": 4,
    "eval_T005_precision": 0.3333333333333333,
    "eval_T005_recall": 0.5,
    "eval_T007_f1": 1.0,
    "eval_T007_number": 1,
    "eval_T007_precision": 1.0,
    "eval_T007_recall": 1.0,
    "eval_T017_f1": 0.6424418604651162,
    "eval_T017_number": 1241,
    "eval_T017_precision": 0.585043017868961,
    "eval_T017_recall": 0.7123287671232876,
    "eval_T020_f1": 1.0,
    "eval_T020_number": 2,
    "eval_T020_precision": 1.0,
    "eval_T020_recall": 1.0,
    "eval_T023_f1": 0.10000000000000002,
    "eval_T023_number": 10,
    "eval_T023_precision": 0.1,
    "eval_T023_recall": 0.1,
    "eval_T024_f1": 0.0,
    "eval_T024_number": 1,
    "eval_T024_precision": 0.0,
    "eval_T024_recall": 0.0,
    "eval_T025_f1": 0.0,
    "eval_T025_number": 8,
    "eval_T025_precision": 0.0,
    "eval_T025_recall": 0.0,
    "eval_T028_f1": 0.3333333333333333,
    "eval_T028_number": 17,
    "eval_T028_precision": 0.5714285714285714,
    "eval_T028_recall": 0.23529411764705882,
    "eval_T033_f1": 0.38095238095238093,
    "eval_T033_number": 1009,
    "eval_T033_precision": 0.2776769509981851,
    "eval_T033_recall": 0.6065411298315163,
    "eval_T037_f1": 0.22222222222222224,
    "eval_T037_number": 2,
    "eval_T037_precision": 0.14285714285714285,
    "eval_T037_recall": 0.5,
    "eval_T038_f1": 0.5842661691542288,
    "eval_T038_number": 2521,
    "eval_T038_precision": 0.48043978522117103,
    "eval_T038_recall": 0.7453391511305038,
    "eval_T039_f1": 0.0,
    "eval_T039_number": 1,
    "eval_T039_precision": 0.0,
    "eval_T039_recall": 0.0,
    "eval_T044_f1": 0.0,
    "eval_T044_number": 1,
    "eval_T044_precision": 0.0,
    "eval_T044_recall": 0.0,
    "eval_T045_f1": 0.0,
    "eval_T045_number": 3,
    "eval_T045_precision": 0.0,
    "eval_T045_recall": 0.0,
    "eval_T046_f1": 0.1818181818181818,
    "eval_T046_number": 5,
    "eval_T046_precision": 0.16666666666666666,
    "eval_T046_recall": 0.2,
    "eval_T047_f1": 0.26865671641791045,
    "eval_T047_number": 33,
    "eval_T047_precision": 0.2647058823529412,
    "eval_T047_recall": 0.2727272727272727,
    "eval_T048_f1": 0.26666666666666666,
    "eval_T048_number": 6,
    "eval_T048_precision": 0.2222222222222222,
    "eval_T048_recall": 0.3333333333333333,
    "eval_T058_f1": 0.4918864097363084,
    "eval_T058_number": 1431,
    "eval_T058_precision": 0.38599283724631916,
    "eval_T058_recall": 0.6778476589797344,
    "eval_T062_f1": 0.5439330543933054,
    "eval_T062_number": 537,
    "eval_T062_precision": 0.43478260869565216,
    "eval_T062_recall": 0.7262569832402235,
    "eval_T070_f1": 0.0,
    "eval_T070_number": 0,
    "eval_T070_precision": 0.0,
    "eval_T070_recall": 0.0,
    "eval_T074_f1": 0.6163141993957704,
    "eval_T074_number": 121,
    "eval_T074_precision": 0.4857142857142857,
    "eval_T074_recall": 0.8429752066115702,
    "eval_T082_f1": 0.5390810042633822,
    "eval_T082_number": 785,
    "eval_T082_precision": 0.4291101055806938,
    "eval_T082_recall": 0.7248407643312101,
    "eval_T098_f1": 0.6594594594594595,
    "eval_T098_number": 368,
    "eval_T098_precision": 0.547576301615799,
    "eval_T098_recall": 0.8288043478260869,
    "eval_T103_f1": 0.6806068060680608,
    "eval_T103_number": 2143,
    "eval_T103_precision": 0.6069469835466179,
    "eval_T103_recall": 0.7746150256649557,
    "eval_T109_f1": 0.4615384615384615,
    "eval_T109_number": 7,
    "eval_T109_precision": 0.5,
    "eval_T109_recall": 0.42857142857142855,
    "eval_T114_f1": 0.0,
    "eval_T114_number": 2,
    "eval_T114_precision": 0.0,
    "eval_T114_recall": 0.0,
    "eval_T116_f1": 0.06666666666666667,
    "eval_T116_number": 18,
    "eval_T116_precision": 0.08333333333333333,
    "eval_T116_recall": 0.05555555555555555,
    "eval_T121_f1": 0.0,
    "eval_T121_number": 2,
    "eval_T121_precision": 0.0,
    "eval_T121_recall": 0.0,
    "eval_T123_f1": 0.0,
    "eval_T123_number": 1,
    "eval_T123_precision": 0.0,
    "eval_T123_recall": 0.0,
    "eval_T170_f1": 0.47867036011080333,
    "eval_T170_number": 641,
    "eval_T170_precision": 0.3711340206185567,
    "eval_T170_recall": 0.6739469578783152,
    "eval_T184_f1": 0.0,
    "eval_T184_number": 1,
    "eval_T184_precision": 0.0,
    "eval_T184_recall": 0.0,
    "eval_T190_f1": 0.0,
    "eval_T190_number": 1,
    "eval_T190_precision": 0.0,
    "eval_T190_recall": 0.0,
    "eval_T191_f1": 0.0851063829787234,
    "eval_T191_number": 23,
    "eval_T191_precision": 0.08333333333333333,
    "eval_T191_recall": 0.08695652173913043,
    "eval_T204_f1": 0.7533875338753389,
    "eval_T204_number": 492,
    "eval_T204_precision": 0.6780487804878049,
    "eval_T204_recall": 0.8475609756097561,
    "eval_loss": 1.9194862842559814,
    "eval_overall_accuracy": 0.8216556174192406,
    "eval_overall_f1": 0.5646519268943802,
    "eval_overall_precision": 0.4639482564679415,
    "eval_overall_recall": 0.7211925161741564,
    "eval_runtime": 3.2968,
    "eval_samples": 2809,
    "eval_samples_per_second": 852.049,
    "eval_steps_per_second": 106.772,
    "predict_T005_f1": 0.0,
    "predict_T005_number": 1,
    "predict_T005_precision": 0.0,
    "predict_T005_recall": 0.0,
    "predict_T007_f1": 0.0,
    "predict_T007_number": 1,
    "predict_T007_precision": 0.0,
    "predict_T007_recall": 0.0,
    "predict_T017_f1": 0.6172413793103448,
    "predict_T017_number": 1282,
    "predict_T017_precision": 0.5531520395550061,
    "predict_T017_recall": 0.6981279251170047,
    "predict_T020_f1": 0.0,
    "predict_T020_number": 0,
    "predict_T020_precision": 0.0,
    "predict_T020_recall": 0.0,
    "predict_T023_f1": 0.2727272727272727,
    "predict_T023_number": 11,
    "predict_T023_precision": 0.2727272727272727,
    "predict_T023_recall": 0.2727272727272727,
    "predict_T025_f1": 0.1142857142857143,
    "predict_T025_number": 15,
    "predict_T025_precision": 0.1,
    "predict_T025_recall": 0.13333333333333333,
    "predict_T028_f1": 0.12,
    "predict_T028_number": 13,
    "predict_T028_precision": 0.08108108108108109,
    "predict_T028_recall": 0.23076923076923078,
    "predict_T033_f1": 0.394624713208784,
    "predict_T033_number": 974,
    "predict_T033_precision": 0.28984111699566684,
    "predict_T033_recall": 0.6180698151950719,
    "predict_T037_f1": 0.25,
    "predict_T037_number": 2,
    "predict_T037_precision": 0.16666666666666666,
    "predict_T037_recall": 0.5,
    "predict_T038_f1": 0.5803873347679065,
    "predict_T038_number": 2529,
    "predict_T038_precision": 0.47472969575056573,
    "predict_T038_recall": 0.7465401344404903,
    "predict_T040_f1": 0.0,
    "predict_T040_number": 1,
    "predict_T040_precision": 0.0,
    "predict_T040_recall": 0.0,
    "predict_T044_f1": 0.0,
    "predict_T044_number": 2,
    "predict_T044_precision": 0.0,
    "predict_T044_recall": 0.0,
    "predict_T045_f1": 0.0,
    "predict_T045_number": 1,
    "predict_T045_precision": 0.0,
    "predict_T045_recall": 0.0,
    "predict_T046_f1": 0.1111111111111111,
    "predict_T046_number": 6,
    "predict_T046_precision": 0.08333333333333333,
    "predict_T046_recall": 0.16666666666666666,
    "predict_T047_f1": 0.13513513513513511,
    "predict_T047_number": 35,
    "predict_T047_precision": 0.1282051282051282,
    "predict_T047_recall": 0.14285714285714285,
    "predict_T048_f1": 0.2857142857142857,
    "predict_T048_number": 7,
    "predict_T048_precision": 0.21428571428571427,
    "predict_T048_recall": 0.42857142857142855,
    "predict_T058_f1": 0.5098039215686275,
    "predict_T058_number": 1491,
    "predict_T058_precision": 0.4077201447527141,
    "predict_T058_recall": 0.6800804828973843,
    "predict_T062_f1": 0.5137614678899083,
    "predict_T062_number": 556,
    "predict_T062_precision": 0.4041237113402062,
    "predict_T062_recall": 0.7050359712230215,
    "predict_T074_f1": 0.6,
    "predict_T074_number": 120,
    "predict_T074_precision": 0.525,
    "predict_T074_recall": 0.7,