{
    "predict_T005_f1": 0.0,
    "predict_T005_number": 1,
    "predict_T005_precision": 0.0,
    "predict_T005_recall": 0.0,
    "predict_T007_f1": 0.0,
    "predict_T007_number": 1,
    "predict_T007_precision": 0.0,
    "predict_T007_recall": 0.0,
    "predict_T017_f1": 0.6172413793103448,
    "predict_T017_number": 1282,
    "predict_T017_precision": 0.5531520395550061,
    "predict_T017_recall": 0.6981279251170047,
    "predict_T020_f1": 0.0,
    "predict_T020_number": 0,
    "predict_T020_precision": 0.0,
    "predict_T020_recall": 0.0,
    "predict_T023_f1": 0.2727272727272727,
    "predict_T023_number": 11,
    "predict_T023_precision": 0.2727272727272727,
    "predict_T023_recall": 0.2727272727272727,
    "predict_T025_f1": 0.1142857142857143,
    "predict_T025_number": 15,
    "predict_T025_precision": 0.1,
    "predict_T025_recall": 0.13333333333333333,
    "predict_T028_f1": 0.12,
    "predict_T028_number": 13,
    "predict_T028_precision": 0.08108108108108109,
    "predict_T028_recall": 0.23076923076923078,
    "predict_T033_f1": 0.394624713208784,
    "predict_T033_number": 974,
    "predict_T033_precision": 0.28984111699566684,
    "predict_T033_recall": 0.6180698151950719,
    "predict_T037_f1": 0.25,
    "predict_T037_number": 2,
    "predict_T037_precision": 0.16666666666666666,
    "predict_T037_recall": 0.5,
    "predict_T038_f1": 0.5803873347679065,
    "predict_T038_number": 2529,
    "predict_T038_precision": 0.47472969575056573,
    "predict_T038_recall": 0.7465401344404903,
    "predict_T040_f1": 0.0,
    "predict_T040_number": 1,
    "predict_T040_precision": 0.0,
    "predict_T040_recall": 0.0,
    "predict_T044_f1": 0.0,
    "predict_T044_number": 2,
    "predict_T044_precision": 0.0,
    "predict_T044_recall": 0.0,
    "predict_T045_f1": 0.0,
    "predict_T045_number": 1,
    "predict_T045_precision": 0.0,
    "predict_T045_recall": 0.0,
    "predict_T046_f1": 0.1111111111111111,
    "predict_T046_number": 6,
    "predict_T046_precision": 0.08333333333333333,
    "predict_T046_recall": 0.16666666666666666,
    "predict_T047_f1": 0.13513513513513511,
    "predict_T047_number": 35,
    "predict_T047_precision": 0.1282051282051282,
    "predict_T047_recall": 0.14285714285714285,
    "predict_T048_f1": 0.2857142857142857,
    "predict_T048_number": 7,
    "predict_T048_precision": 0.21428571428571427,
    "predict_T048_recall": 0.42857142857142855,
    "predict_T058_f1": 0.5098039215686275,
    "predict_T058_number": 1491,
    "predict_T058_precision": 0.4077201447527141,
    "predict_T058_recall": 0.6800804828973843,
    "predict_T062_f1": 0.5137614678899083,
    "predict_T062_number": 556,
    "predict_T062_precision": 0.4041237113402062,
    "predict_T062_recall": 0.7050359712230215,
    "predict_T074_f1": 0.6,
    "predict_T074_number": 120,
    "predict_T074_precision": 0.525,
    "predict_T074_recall": 0.7,
    "predict_T080_f1": 0.0,
    "predict_T080_number": 0,
    "predict_T080_precision": 0.0,
    "predict_T080_recall": 0.0,
    "predict_T082_f1": 0.5480572597137015,
    "predict_T082_number": 751,
    "predict_T082_precision": 0.44481327800829873,
    "predict_T082_recall": 0.7137150466045273,
    "predict_T098_f1": 0.6561844863731656,
    "predict_T098_number": 354,
    "predict_T098_precision": 0.5216666666666666,
    "predict_T098_recall": 0.884180790960452,
    "predict_T103_f1": 0.6889021242803257,
    "predict_T103_number": 2230,
    "predict_T103_precision": 0.6180976131100819,
    "predict_T103_recall": 0.7780269058295964,
    "predict_T104_f1": 0.0,
    "predict_T104_number": 0,
    "predict_T104_precision": 0.0,
    "predict_T104_recall": 0.0,
    "predict_T109_f1": 0.18181818181818182,
    "predict_T109_number": 4,
    "predict_T109_precision": 0.14285714285714285,
    "predict_T109_recall": 0.25,
    "predict_T114_f1": 0.0,
    "predict_T114_number": 1,
    "predict_T114_precision": 0.0,
    "predict_T114_recall": 0.0,
    "predict_T116_f1": 0.0,
    "predict_T116_number": 13,
    "predict_T116_precision": 0.0,
    "predict_T116_recall": 0.0,
    "predict_T121_f1": 0.0,
    "predict_T121_number": 2,
    "predict_T121_precision": 0.0,
    "predict_T121_recall": 0.0,
    "predict_T170_f1": 0.46876859012492567,
    "predict_T170_number": 577,
    "predict_T170_precision": 0.35688405797101447,
    "predict_T170_recall": 0.682842287694974,
    "predict_T184_f1": 0.0,
    "predict_T184_number": 1,
    "predict_T184_precision": 0.0,
    "predict_T184_recall": 0.0,
    "predict_T191_f1": 0.372093023255814,
    "predict_T191_number": 17,
    "predict_T191_precision": 0.3076923076923077,
    "predict_T191_recall": 0.47058823529411764,
    "predict_T204_f1": 0.7666955767562879,
    "predict_T204_number": 517,
    "predict_T204_precision": 0.6949685534591195,
    "predict_T204_recall": 0.8549323017408124,
    "predict_loss": 1.706331729888916,
    "predict_overall_accuracy": 0.8166595986265202,
    "predict_overall_f1": 0.566662127195969,
    "predict_overall_precision": 0.4660096315376862,
    "predict_overall_recall": 0.7227722772277227,
    "predict_runtime": 3.2537,
    "predict_samples_per_second": 857.473,
    "predict_steps_per_second": 107.261
}