{
    "epoch": 10.0,
    "eval_T005_f1": 0.5909090909090909,
    "eval_T005_number": 25,
    "eval_T005_precision": 0.6842105263157895,
    "eval_T005_recall": 0.52,
    "eval_T007_f1": 0.5853658536585367,
    "eval_T007_number": 45,
    "eval_T007_precision": 0.6486486486486487,
    "eval_T007_recall": 0.5333333333333333,
    "eval_T017_f1": 0.6721958925750394,
    "eval_T017_number": 1233,
    "eval_T017_precision": 0.6551193225558122,
    "eval_T017_recall": 0.6901865369018654,
    "eval_T022_f1": 0.30769230769230765,
    "eval_T022_number": 9,
    "eval_T022_precision": 0.5,
    "eval_T022_recall": 0.2222222222222222,
    "eval_T031_f1": 0.55,
    "eval_T031_number": 22,
    "eval_T031_precision": 0.6111111111111112,
    "eval_T031_recall": 0.5,
    "eval_T033_f1": 0.5257936507936508,
    "eval_T033_number": 991,
    "eval_T033_precision": 0.5170731707317073,
    "eval_T033_recall": 0.5348133198789102,
    "eval_T037_f1": 0.5647058823529411,
    "eval_T037_number": 44,
    "eval_T037_precision": 0.5853658536585366,
    "eval_T037_recall": 0.5454545454545454,
    "eval_T038_f1": 0.6956189018557489,
    "eval_T038_number": 2568,
    "eval_T038_precision": 0.6837156825874389,
    "eval_T038_recall": 0.7079439252336449,
    "eval_T058_f1": 0.6140575079872204,
    "eval_T058_number": 1487,
    "eval_T058_precision": 0.5849056603773585,
    "eval_T058_recall": 0.6462676529926026,
    "eval_T062_f1": 0.55,
    "eval_T062_number": 552,
    "eval_T062_precision": 0.524671052631579,
    "eval_T062_recall": 0.5778985507246377,
    "eval_T074_f1": 0.6000000000000001,
    "eval_T074_number": 115,
    "eval_T074_precision": 0.576,
    "eval_T074_recall": 0.6260869565217392,
    "eval_T082_f1": 0.5943775100401607,
    "eval_T082_number": 742,
    "eval_T082_precision": 0.5904255319148937,
    "eval_T082_recall": 0.5983827493261455,
    "eval_T091_f1": 0.3529411764705882,
    "eval_T091_number": 20,
    "eval_T091_precision": 0.42857142857142855,
    "eval_T091_recall": 0.3,
    "eval_T092_f1": 0.19444444444444445,
    "eval_T092_number": 37,
    "eval_T092_precision": 0.2,
    "eval_T092_recall": 0.1891891891891892,
    "eval_T097_f1": 0.1818181818181818,
    "eval_T097_number": 15,
    "eval_T097_precision": 0.16666666666666666,
    "eval_T097_recall": 0.2,
    "eval_T098_f1": 0.7116736990154711,
    "eval_T098_number": 351,
    "eval_T098_precision": 0.7027777777777777,
    "eval_T098_recall": 0.7207977207977208,
    "eval_T103_f1": 0.74803326590245,
    "eval_T103_number": 2187,
    "eval_T103_precision": 0.735632183908046,
    "eval_T103_recall": 0.7608596250571559,
    "eval_T168_f1": 0.47457627118644063,
    "eval_T168_number": 28,
    "eval_T168_precision": 0.45161290322580644,
    "eval_T168_recall": 0.5,
    "eval_T170_f1": 0.5572959604286891,
    "eval_T170_number": 598,
    "eval_T170_precision": 0.5495934959349593,
    "eval_T170_recall": 0.5652173913043478,
    "eval_T201_f1": 0.3768115942028986,
    "eval_T201_number": 40,
    "eval_T201_precision": 0.4482758620689655,
    "eval_T201_recall": 0.325,
    "eval_T204_f1": 0.7627811860940695,
    "eval_T204_number": 478,
    "eval_T204_precision": 0.746,
    "eval_T204_recall": 0.7803347280334728,
    "eval_loss": 0.6778134107589722,
    "eval_overall_accuracy": 0.8851964531814754,
    "eval_overall_f1": 0.6536886111228412,
    "eval_overall_precision": 0.6399867702993219,
    "eval_overall_recall": 0.66798998878053,
    "eval_runtime": 3.3055,
    "eval_samples": 2954,
    "eval_samples_per_second": 893.673,
    "eval_steps_per_second": 111.936,
    "predict_T005_f1": 0.5641025641025641,
    "predict_T005_number": 24,
    "predict_T005_precision": 0.7333333333333333,
    "predict_T005_recall": 0.4583333333333333,
    "predict_T007_f1": 0.7045454545454546,
    "predict_T007_number": 44,
    "predict_T007_precision": 0.7045454545454546,
    "predict_T007_recall": 0.7045454545454546,
    "predict_T017_f1": 0.6895761741122566,
    "predict_T017_number": 1271,
    "predict_T017_precision": 0.6698813056379822,
    "predict_T017_recall": 0.7104642014162077,
    "predict_T022_f1": 0.15384615384615383,
    "predict_T022_number": 9,
    "predict_T022_precision": 0.25,
    "predict_T022_recall": 0.1111111111111111,
    "predict_T031_f1": 0.35714285714285715,
    "predict_T031_number": 20,
    "predict_T031_precision": 0.625,
    "predict_T031_recall": 0.25,
    "predict_T033_f1": 0.5130344108446298,
    "predict_T033_number": 981,
    "predict_T033_precision": 0.5250800426894343,
    "predict_T033_recall": 0.5015290519877675,
    "predict_T037_f1": 0.6097560975609757,
    "predict_T037_number": 43,
    "predict_T037_precision": 0.6410256410256411,
    "predict_T037_recall": 0.5813953488372093,
    "predict_T038_f1": 0.6976744186046511,
    "predict_T038_number": 2515,
    "predict_T038_precision": 0.6805293005671077,
    "predict_T038_recall": 0.7157057654075547,
    "predict_T058_f1": 0.5870550161812297,
    "predict_T058_number": 1473,
    "predict_T058_precision": 0.5609152752009895,
    "predict_T058_recall": 0.6157501697216565,
    "predict_T062_f1": 0.5449781659388647,
    "predict_T062_number": 528,
    "predict_T062_precision": 0.5056726094003241,
    "predict_T062_recall": 0.5909090909090909,
    "predict_T074_f1": 0.5756457564575647,
    "predict_T074_number": 126,
    "predict_T074_precision": 0.5379310344827586,
    "predict_T074_recall": 0.6190476190476191,
    "predict_T082_f1": 0.6353836398224477,
    "predict_T082_number": 752,
    "predict_T082_precision": 0.6072727272727273,
    "predict_T082_recall": 0.6662234042553191,
    "predict_T091_f1": 0.4375,
    "predict_T091_number": 19,
    "predict_T091_precision": 0.5384615384615384,
    "predict_T091_recall": 0.3684210526315789,
    "predict_T092_f1": 0.38961038961038963,
    "predict_T092_number": 46,
    "predict_T092_precision": 0.4838709677419355,
    "predict_T092_recall": 0.32608695652173914,
    "predict_T097_f1": 0.0,
    "predict_T097_number": 14,
    "predict_T097_precision": 0.0,
    "predict_T097_recall": 0.0,
    "predict_T098_f1": 0.7033248081841432,
    "predict_T098_number": 384,
    "predict_T098_precision": 0.6909547738693468,
    "predict_T098_recall": 0.7161458333333334,
    "predict_T103_f1": 0.7396061269146609,
    "predict_T103_number": 2200,
    "predict_T103_precision": 0.7130801687763713,
    "predict_T103_recall": 0.7681818181818182,
    "predict_T168_f1": 0.3137254901960784,
    "predict_T168_number": 29,
    "predict_T168_precision": 0.36363636363636365,
    "predict_T168_recall": 0.27586206896551724,
    "predict_T170_f1": 0.5383333333333333,
    "predict_T170_number": 590,
    "predict_T170_precision": 0.5295081967213114,
    "predict_T170_recall": 0.5474576271186441,
    "predict_T201_f1": 0.39436619718309857,
    "predict_T201_number": 39,
    "predict_T201_precision": 0.4375,
    "predict_T201_recall": 0.358974358974359,
    "predict_T204_f1": 0.7881188118811882,
    "predict_T204_number": 494,
    "predict_T204_precision": 0.7713178294573644,
    "predict_T204_recall": 0.805668016194332,
    "predict_loss": 0.7001479864120483,
    "predict_overall_accuracy": 0.8829242404139578,
    "predict_overall_f1": 0.6537252106829903,
    "predict_overall_precision": 0.6364081632653061,
    "predict_overall_recall": 0.6720110335315921,
    "predict_runtime": 3.2434,
    "predict_samples_per_second": 887.955,
    "predict_steps_per_second": 110.994,
    "total_flos": 8304581302344096.0,
    "train_loss": 0.17740841537816418,
    "train_runtime": 807.6152,
    "train_samples": 23273,
    "train_samples_per_second": 288.169,
    "train_steps_per_second": 18.016
}