{
    "epoch": 10.0,
    "eval_T005_f1": 0.2,
    "eval_T005_number": 4,
    "eval_T005_precision": 0.16666666666666666,
    "eval_T005_recall": 0.25,
    "eval_T007_f1": 0.5,
    "eval_T007_number": 1,
    "eval_T007_precision": 0.3333333333333333,
    "eval_T007_recall": 1.0,
    "eval_T017_f1": 0.3733098177542622,
    "eval_T017_number": 1241,
    "eval_T017_precision": 0.2938454419250347,
    "eval_T017_recall": 0.5116841257050766,
    "eval_T020_f1": 0.0,
    "eval_T020_number": 2,
    "eval_T020_precision": 0.0,
    "eval_T020_recall": 0.0,
    "eval_T023_f1": 0.009532888465204958,
    "eval_T023_number": 10,
    "eval_T023_precision": 0.004812319538017324,
    "eval_T023_recall": 0.5,
    "eval_T024_f1": 0.0,
    "eval_T024_number": 1,
    "eval_T024_precision": 0.0,
    "eval_T024_recall": 0.0,
    "eval_T025_f1": 0.011695906432748539,
    "eval_T025_number": 8,
    "eval_T025_precision": 0.006134969325153374,
    "eval_T025_recall": 0.125,
    "eval_T028_f1": 0.4489795918367347,
    "eval_T028_number": 17,
    "eval_T028_precision": 0.34375,
    "eval_T028_recall": 0.6470588235294118,
    "eval_T031_f1": 0.0,
    "eval_T031_number": 0,
    "eval_T031_precision": 0.0,
    "eval_T031_recall": 0.0,
    "eval_T033_f1": 0.051489518205222504,
    "eval_T033_number": 1009,
    "eval_T033_precision": 0.027808676307007785,
    "eval_T033_recall": 0.3468780971258672,
    "eval_T037_f1": 0.1818181818181818,
    "eval_T037_number": 2,
    "eval_T037_precision": 0.1111111111111111,
    "eval_T037_recall": 0.5,
    "eval_T038_f1": 0.18479952124476362,
    "eval_T038_number": 2521,
    "eval_T038_precision": 0.1323277339732602,
    "eval_T038_recall": 0.30622768742562473,
    "eval_T039_f1": 0.0,
    "eval_T039_number": 1,
    "eval_T039_precision": 0.0,
    "eval_T039_recall": 0.0,
    "eval_T040_f1": 0.0,
    "eval_T040_number": 0,
    "eval_T040_precision": 0.0,
    "eval_T040_recall": 0.0,
    "eval_T043_f1": 0.0,
    "eval_T043_number": 0,
    "eval_T043_precision": 0.0,
    "eval_T043_recall": 0.0,
    "eval_T044_f1": 0.0,
    "eval_T044_number": 1,
    "eval_T044_precision": 0.0,
    "eval_T044_recall": 0.0,
    "eval_T045_f1": 0.4,
    "eval_T045_number": 3,
    "eval_T045_precision": 0.2857142857142857,
    "eval_T045_recall": 0.6666666666666666,
    "eval_T046_f1": 0.00505902192242833,
    "eval_T046_number": 5,
    "eval_T046_precision": 0.002540220152413209,
    "eval_T046_recall": 0.6,
    "eval_T047_f1": 0.16666666666666666,
    "eval_T047_number": 33,
    "eval_T047_precision": 0.1037037037037037,
    "eval_T047_recall": 0.42424242424242425,
    "eval_T048_f1": 0.2727272727272727,
    "eval_T048_number": 6,
    "eval_T048_precision": 0.1875,
    "eval_T048_recall": 0.5,
    "eval_T058_f1": 0.14587440157702056,
    "eval_T058_number": 1431,
    "eval_T058_precision": 0.09134191500617175,
    "eval_T058_recall": 0.36198462613556953,
    "eval_T062_f1": 0.16091183372443849,
    "eval_T062_number": 537,
    "eval_T062_precision": 0.09811937857726902,
    "eval_T062_recall": 0.44692737430167595,
    "eval_T070_f1": 0.0,
    "eval_T070_number": 0,
    "eval_T070_precision": 0.0,
    "eval_T070_recall": 0.0,
    "eval_T074_f1": 0.31140350877192985,
    "eval_T074_number": 121,
    "eval_T074_precision": 0.21194029850746268,
    "eval_T074_recall": 0.5867768595041323,
    "eval_T082_f1": 0.19570980959267292,
    "eval_T082_number": 785,
    "eval_T082_precision": 0.1206896551724138,
    "eval_T082_recall": 0.5171974522292994,
    "eval_T098_f1": 0.30519480519480524,
    "eval_T098_number": 368,
    "eval_T098_precision": 0.20051194539249148,
    "eval_T098_recall": 0.6385869565217391,
    "eval_T103_f1": 0.26089906700593724,
    "eval_T103_number": 2143,
    "eval_T103_precision": 0.20495735607675905,
    "eval_T103_recall": 0.35884274381707887,
    "eval_T104_f1": 0.0,
    "eval_T104_number": 0,
    "eval_T104_precision": 0.0,
    "eval_T104_recall": 0.0,
    "eval_T109_f1": 0.16,
    "eval_T109_number": 7,
    "eval_T109_precision": 0.09302325581395349,
    "eval_T109_recall": 0.5714285714285714,
    "eval_T114_f1": 0.0,
    "eval_T114_number": 2,
    "eval_T114_precision": 0.0,
    "eval_T114_recall": 0.0,
    "eval_T116_f1": 0.14285714285714285,
    "eval_T116_number": 18,
    "eval_T116_precision": 0.10526315789473684,
    "eval_T116_recall": 0.2222222222222222,
    "eval_T121_f1": 0.0,
    "eval_T121_number": 2,
    "eval_T121_precision": 0.0,
    "eval_T121_recall": 0.0,
    "eval_T123_f1": 0.0,
    "eval_T123_number": 1,
    "eval_T123_precision": 0.0,
    "eval_T123_recall": 0.0,
    "eval_T167_f1": 0.0,
    "eval_T167_number": 0,
    "eval_T167_precision": 0.0,
    "eval_T167_recall": 0.0,
    "eval_T169_f1": 0.0,
    "eval_T169_number": 0,
    "eval_T169_precision": 0.0,
    "eval_T169_recall": 0.0,
    "eval_T170_f1": 0.12370137714423773,
    "eval_T170_number": 641,
    "eval_T170_precision": 0.07318467695826186,
    "eval_T170_recall": 0.3993759750390016,
    "eval_T184_f1": 0.0,
    "eval_T184_number": 1,
    "eval_T184_precision": 0.0,
    "eval_T184_recall": 0.0,
    "eval_T190_f1": 0.6666666666666666,
    "eval_T190_number": 1,
    "eval_T190_precision": 0.5,
    "eval_T190_recall": 1.0,
    "eval_T191_f1": 0.13186813186813187,
    "eval_T191_number": 23,
    "eval_T191_precision": 0.08823529411764706,
    "eval_T191_recall": 0.2608695652173913,
    "eval_T196_f1": 0.0,
    "eval_T196_number": 0,
    "eval_T196_precision": 0.0,
    "eval_T196_recall": 0.0,
    "eval_T204_f1": 0.4677307425399029,
    "eval_T204_number": 492,
    "eval_T204_precision": 0.35511064278187565,
    "eval_T204_recall": 0.6849593495934959,
    "eval_loss": 0.3905244767665863,
    "eval_overall_accuracy": 0.23956220476728515,
    "eval_overall_f1": 0.1659463513947923,
    "eval_overall_precision": 0.10427327408205404,
    "eval_overall_recall": 0.40618989333799616,
    "eval_runtime": 3.361,
    "eval_samples": 2809,
    "eval_samples_per_second": 835.757,
    "eval_steps_per_second": 104.73,
    "predict_T005_f1": 0.0,
    "predict_T005_number": 1,
    "predict_T005_precision": 0.0,
    "predict_T005_recall": 0.0,
    "predict_T007_f1": 0.4,
    "predict_T007_number": 1,
    "predict_T007_precision": 0.25,
    "predict_T007_recall": 1.0,
    "predict_T017_f1": 0.33591731266149877,
    "predict_T017_number": 1282,
    "predict_T017_precision": 0.26578827805542937,
    "predict_T017_recall": 0.45631825273010923,
    "predict_T020_f1": 0.0,
    "predict_T020_number": 0,
    "predict_T020_precision": 0.0,
    "predict_T020_recall": 0.0,
    "predict_T023_f1": 0.011363636363636364,
    "predict_T023_number": 11,
    "predict_T023_precision": 0.005741626794258373,
    "predict_T023_recall": 0.5454545454545454,
    "predict_T025_f1": 0.056680161943319846,
    "predict_T025_number": 15,
    "predict_T025_precision": 0.03017241379310345,
    "predict_T025_recall": 0.4666666666666667,
    "predict_T026_f1": 0.0,
    "predict_T026_number": 0,
    "predict_T026_precision": 0.0,
    "predict_T026_recall": 0.0,
    "predict_T028_f1": 0.24242424242424243,
    "predict_T028_number": 13,
    "predict_T028_precision": 0.1509433962264151,
    "predict_T028_recall": 0.6153846153846154,
    "predict_T033_f1": 0.0436908035441491,
    "predict_T033_number": 974,
    "predict_T033_precision": 0.023601254332398087,
    "predict_T033_recall": 0.2936344969199179,
    "predict_T037_f1": 0.14285714285714285,
    "predict_T037_number": 2,
    "predict_T037_precision": 0.08333333333333333,
    "predict_T037_recall": 0.5,
    "predict_T038_f1": 0.17819211706396032,
    "predict_T038_number": 2529,
    "predict_T038_precision": 0.12699747687132043,
    "predict_T038_recall": 0.2985369711348359,
    "predict_T040_f1": 0.0,
    "predict_T040_number": 1,
    "predict_T040_precision": 0.0,
    "predict_T040_recall": 0.0,
    "predict_T044_f1": 0.0,
    "predict_T044_number": 2,
    "predict_T044_precision": 0.0,
    "predict_T044_recall": 0.0,
    "predict_T045_f1": 0.0,