{
    "predict_T005_f1": 0.0,
    "predict_T005_number": 1,
    "predict_T005_precision": 0.0,
    "predict_T005_recall": 0.0,
    "predict_T007_f1": 0.4,
    "predict_T007_number": 1,
    "predict_T007_precision": 0.25,
    "predict_T007_recall": 1.0,
    "predict_T017_f1": 0.33591731266149877,
    "predict_T017_number": 1282,
    "predict_T017_precision": 0.26578827805542937,
    "predict_T017_recall": 0.45631825273010923,
    "predict_T020_f1": 0.0,
    "predict_T020_number": 0,
    "predict_T020_precision": 0.0,
    "predict_T020_recall": 0.0,
    "predict_T023_f1": 0.011363636363636364,
    "predict_T023_number": 11,
    "predict_T023_precision": 0.005741626794258373,
    "predict_T023_recall": 0.5454545454545454,
    "predict_T025_f1": 0.056680161943319846,
    "predict_T025_number": 15,
    "predict_T025_precision": 0.03017241379310345,
    "predict_T025_recall": 0.4666666666666667,
    "predict_T026_f1": 0.0,
    "predict_T026_number": 0,
    "predict_T026_precision": 0.0,
    "predict_T026_recall": 0.0,
    "predict_T028_f1": 0.24242424242424243,
    "predict_T028_number": 13,
    "predict_T028_precision": 0.1509433962264151,
    "predict_T028_recall": 0.6153846153846154,
    "predict_T033_f1": 0.0436908035441491,
    "predict_T033_number": 974,
    "predict_T033_precision": 0.023601254332398087,
    "predict_T033_recall": 0.2936344969199179,
    "predict_T037_f1": 0.14285714285714285,
    "predict_T037_number": 2,
    "predict_T037_precision": 0.08333333333333333,
    "predict_T037_recall": 0.5,
    "predict_T038_f1": 0.17819211706396032,
    "predict_T038_number": 2529,
    "predict_T038_precision": 0.12699747687132043,
    "predict_T038_recall": 0.2985369711348359,
    "predict_T040_f1": 0.0,
    "predict_T040_number": 1,
    "predict_T040_precision": 0.0,
    "predict_T040_recall": 0.0,
    "predict_T044_f1": 0.0,
    "predict_T044_number": 2,
    "predict_T044_precision": 0.0,
    "predict_T044_recall": 0.0,
    "predict_T045_f1": 0.0,
    "predict_T045_number": 1,
    "predict_T045_precision": 0.0,
    "predict_T045_recall": 0.0,
    "predict_T046_f1": 0.0016666666666666668,
    "predict_T046_number": 6,
    "predict_T046_precision": 0.0008375209380234506,
    "predict_T046_recall": 0.16666666666666666,
    "predict_T047_f1": 0.1301775147928994,
    "predict_T047_number": 35,
    "predict_T047_precision": 0.08208955223880597,
    "predict_T047_recall": 0.3142857142857143,
    "predict_T048_f1": 0.25,
    "predict_T048_number": 7,
    "predict_T048_precision": 0.15151515151515152,
    "predict_T048_recall": 0.7142857142857143,
    "predict_T058_f1": 0.14453125,
    "predict_T058_number": 1491,
    "predict_T058_precision": 0.09124537607891492,
    "predict_T058_recall": 0.3474178403755869,
    "predict_T059_f1": 0.0,
    "predict_T059_number": 0,
    "predict_T059_precision": 0.0,
    "predict_T059_recall": 0.0,
    "predict_T062_f1": 0.15257469802924345,
    "predict_T062_number": 556,
    "predict_T062_precision": 0.09266409266409266,
    "predict_T062_recall": 0.4316546762589928,
    "predict_T063_f1": 0.0,
    "predict_T063_number": 0,
    "predict_T063_precision": 0.0,
    "predict_T063_recall": 0.0,
    "predict_T070_f1": 0.0,
    "predict_T070_number": 0,
    "predict_T070_precision": 0.0,
    "predict_T070_recall": 0.0,
    "predict_T074_f1": 0.3285024154589372,
    "predict_T074_number": 120,
    "predict_T074_precision": 0.23129251700680273,
    "predict_T074_recall": 0.5666666666666667,
    "predict_T080_f1": 0.0,
    "predict_T080_number": 0,
    "predict_T080_precision": 0.0,
    "predict_T080_recall": 0.0,
    "predict_T082_f1": 0.2053915275994865,
    "predict_T082_number": 751,
    "predict_T082_precision": 0.1272264631043257,
    "predict_T082_recall": 0.5326231691078562,
    "predict_T098_f1": 0.29898749255509227,
    "predict_T098_number": 354,
    "predict_T098_precision": 0.18943396226415093,
    "predict_T098_recall": 0.7090395480225988,
    "predict_T103_f1": 0.2776384010704131,
    "predict_T103_number": 2230,
    "predict_T103_precision": 0.22139237129901307,
    "predict_T103_recall": 0.3721973094170404,
    "predict_T104_f1": 0.0,
    "predict_T104_number": 0,
    "predict_T104_precision": 0.0,
    "predict_T104_recall": 0.0,
    "predict_T109_f1": 0.07142857142857142,
    "predict_T109_number": 4,
    "predict_T109_precision": 0.041666666666666664,
    "predict_T109_recall": 0.25,
    "predict_T114_f1": 0.0,
    "predict_T114_number": 1,
    "predict_T114_precision": 0.0,
    "predict_T114_recall": 0.0,
    "predict_T116_f1": 0.05128205128205129,
    "predict_T116_number": 13,
    "predict_T116_precision": 0.038461538461538464,
    "predict_T116_recall": 0.07692307692307693,
    "predict_T121_f1": 0.0,
    "predict_T121_number": 2,
    "predict_T121_precision": 0.0,
    "predict_T121_recall": 0.0,
    "predict_T167_f1": 0.0,
    "predict_T167_number": 0,
    "predict_T167_precision": 0.0,
    "predict_T167_recall": 0.0,
    "predict_T170_f1": 0.12893477713422313,
    "predict_T170_number": 577,
    "predict_T170_precision": 0.07542722451384797,
    "predict_T170_recall": 0.4436741767764298,
    "predict_T184_f1": 0.5,
    "predict_T184_number": 1,
    "predict_T184_precision": 0.3333333333333333,
    "predict_T184_recall": 1.0,
    "predict_T190_f1": 0.0,
    "predict_T190_number": 0,
    "predict_T190_precision": 0.0,
    "predict_T190_recall": 0.0,
    "predict_T191_f1": 0.25,
    "predict_T191_number": 17,
    "predict_T191_precision": 0.15873015873015872,
    "predict_T191_recall": 0.5882352941176471,
    "predict_T196_f1": 0.0,
    "predict_T196_number": 0,
    "predict_T196_precision": 0.0,
    "predict_T196_recall": 0.0,
    "predict_T204_f1": 0.47162162162162163,
    "predict_T204_number": 517,
    "predict_T204_precision": 0.3624091381100727,
    "predict_T204_recall": 0.6750483558994197,
    "predict_loss": 0.24127750098705292,
    "predict_overall_accuracy": 0.24468186979302042,
    "predict_overall_f1": 0.16451953915894715,
    "predict_overall_precision": 0.10364133011264871,
    "predict_overall_recall": 0.398731978461004,
    "predict_runtime": 3.3207,
    "predict_samples_per_second": 840.173,
    "predict_steps_per_second": 105.097
}