{
    "epoch": 10.0,
    "eval_T005_f1": 0.6666666666666666,
    "eval_T005_number": 4,
    "eval_T005_precision": 1.0,
    "eval_T005_recall": 0.5,
    "eval_T007_f1": 0.0,
    "eval_T007_number": 1,
    "eval_T007_precision": 0.0,
    "eval_T007_recall": 0.0,
    "eval_T017_f1": 0.6818363273453094,
    "eval_T017_number": 1241,
    "eval_T017_precision": 0.6756329113924051,
    "eval_T017_recall": 0.6881547139403706,
    "eval_T020_f1": 0.0,
    "eval_T020_number": 2,
    "eval_T020_precision": 0.0,
    "eval_T020_recall": 0.0,
    "eval_T023_f1": 0.0,
    "eval_T023_number": 10,
    "eval_T023_precision": 0.0,
    "eval_T023_recall": 0.0,
    "eval_T024_f1": 0.0,
    "eval_T024_number": 1,
    "eval_T024_precision": 0.0,
    "eval_T024_recall": 0.0,
    "eval_T025_f1": 0.0,
    "eval_T025_number": 8,
    "eval_T025_precision": 0.0,
    "eval_T025_recall": 0.0,
    "eval_T028_f1": 0.19047619047619047,
    "eval_T028_number": 17,
    "eval_T028_precision": 0.5,
    "eval_T028_recall": 0.11764705882352941,
    "eval_T033_f1": 0.4958189867191342,
    "eval_T033_number": 1009,
    "eval_T033_precision": 0.4921875,
    "eval_T033_recall": 0.49950445986124875,
    "eval_T037_f1": 0.0,
    "eval_T037_number": 2,
    "eval_T037_precision": 0.0,
    "eval_T037_recall": 0.0,
    "eval_T038_f1": 0.7003069838833461,
    "eval_T038_number": 2521,
    "eval_T038_precision": 0.6781865477517651,
    "eval_T038_recall": 0.7239190797302658,
    "eval_T039_f1": 0.0,
    "eval_T039_number": 1,
    "eval_T039_precision": 0.0,
    "eval_T039_recall": 0.0,
    "eval_T044_f1": 0.0,
    "eval_T044_number": 1,
    "eval_T044_precision": 0.0,
    "eval_T044_recall": 0.0,
    "eval_T045_f1": 0.0,
    "eval_T045_number": 3,
    "eval_T045_precision": 0.0,
    "eval_T045_recall": 0.0,
    "eval_T046_f1": 0.0,
    "eval_T046_number": 5,
    "eval_T046_precision": 0.0,
    "eval_T046_recall": 0.0,
    "eval_T047_f1": 0.11538461538461539,
    "eval_T047_number": 33,
    "eval_T047_precision": 0.15789473684210525,
    "eval_T047_recall": 0.09090909090909091,
    "eval_T048_f1": 0.25,
    "eval_T048_number": 6,
    "eval_T048_precision": 0.5,
    "eval_T048_recall": 0.16666666666666666,
    "eval_T058_f1": 0.6025815217391304,
    "eval_T058_number": 1431,
    "eval_T058_precision": 0.5862524785194977,
    "eval_T058_recall": 0.6198462613556953,
    "eval_T062_f1": 0.6352941176470589,
    "eval_T062_number": 537,
    "eval_T062_precision": 0.6179577464788732,
    "eval_T062_recall": 0.6536312849162011,
    "eval_T074_f1": 0.6384615384615384,
    "eval_T074_number": 121,
    "eval_T074_precision": 0.5971223021582733,
    "eval_T074_recall": 0.6859504132231405,
    "eval_T082_f1": 0.6357366771159874,
    "eval_T082_number": 785,
    "eval_T082_precision": 0.6259259259259259,
    "eval_T082_recall": 0.6458598726114649,
    "eval_T098_f1": 0.7599451303155007,
    "eval_T098_number": 368,
    "eval_T098_precision": 0.7673130193905817,
    "eval_T098_recall": 0.7527173913043478,
    "eval_T103_f1": 0.7625084899252885,
    "eval_T103_number": 2143,
    "eval_T103_precision": 0.7405452946350044,
    "eval_T103_recall": 0.7858142790480634,
    "eval_T109_f1": 0.2,
    "eval_T109_number": 7,
    "eval_T109_precision": 0.3333333333333333,
    "eval_T109_recall": 0.14285714285714285,
    "eval_T114_f1": 0.0,
    "eval_T114_number": 2,
    "eval_T114_precision": 0.0,
    "eval_T114_recall": 0.0,
    "eval_T116_f1": 0.0,
    "eval_T116_number": 18,
    "eval_T116_precision": 0.0,
    "eval_T116_recall": 0.0,
    "eval_T121_f1": 0.0,
    "eval_T121_number": 2,
    "eval_T121_precision": 0.0,
    "eval_T121_recall": 0.0,
    "eval_T123_f1": 0.0,
    "eval_T123_number": 1,
    "eval_T123_precision": 0.0,
    "eval_T123_recall": 0.0,
    "eval_T170_f1": 0.5800933125972005,
    "eval_T170_number": 641,
    "eval_T170_precision": 0.5782945736434109,
    "eval_T170_recall": 0.5819032761310452,
    "eval_T184_f1": 0.0,
    "eval_T184_number": 1,
    "eval_T184_precision": 0.0,
    "eval_T184_recall": 0.0,
    "eval_T190_f1": 0.0,
    "eval_T190_number": 1,
    "eval_T190_precision": 0.0,
    "eval_T190_recall": 0.0,
    "eval_T191_f1": 0.0,
    "eval_T191_number": 23,
    "eval_T191_precision": 0.0,
    "eval_T191_recall": 0.0,
    "eval_T204_f1": 0.8136272545090181,
    "eval_T204_number": 492,
    "eval_T204_precision": 0.8023715415019763,
    "eval_T204_recall": 0.8252032520325203,
    "eval_loss": 0.9275139570236206,
    "eval_overall_accuracy": 0.887011802502076,
    "eval_overall_f1": 0.666609397818057,
    "eval_overall_precision": 0.6551840594393786,
    "eval_overall_recall": 0.6784402867634202,
    "eval_runtime": 3.2792,
    "eval_samples": 2809,
    "eval_samples_per_second": 856.604,
    "eval_steps_per_second": 107.342
}