{
    "predict_T005_f1": 0.0,
    "predict_T005_number": 1,
    "predict_T005_precision": 0.0,
    "predict_T005_recall": 0.0,
    "predict_T007_f1": 0.0,
    "predict_T007_number": 1,
    "predict_T007_precision": 0.0,
    "predict_T007_recall": 0.0,
    "predict_T017_f1": 0.6484257871064468,
    "predict_T017_number": 1282,
    "predict_T017_precision": 0.6240981240981242,
    "predict_T017_recall": 0.6747269890795632,
    "predict_T020_f1": 0.0,
    "predict_T020_number": 0,
    "predict_T020_precision": 0.0,
    "predict_T020_recall": 0.0,
    "predict_T023_f1": 0.23529411764705885,
    "predict_T023_number": 11,
    "predict_T023_precision": 0.3333333333333333,
    "predict_T023_recall": 0.18181818181818182,
    "predict_T025_f1": 0.0,
    "predict_T025_number": 15,
    "predict_T025_precision": 0.0,
    "predict_T025_recall": 0.0,
    "predict_T028_f1": 0.10526315789473685,
    "predict_T028_number": 13,
    "predict_T028_precision": 0.08,
    "predict_T028_recall": 0.15384615384615385,
    "predict_T033_f1": 0.5033522434244456,
    "predict_T033_number": 974,
    "predict_T033_precision": 0.505699481865285,
    "predict_T033_recall": 0.5010266940451745,
    "predict_T037_f1": 0.0,
    "predict_T037_number": 2,
    "predict_T037_precision": 0.0,
    "predict_T037_recall": 0.0,
    "predict_T038_f1": 0.6874154262516916,
    "predict_T038_number": 2529,
    "predict_T038_precision": 0.6724659606656581,
    "predict_T038_recall": 0.7030446816923686,
    "predict_T040_f1": 0.0,
    "predict_T040_number": 1,
    "predict_T040_precision": 0.0,
    "predict_T040_recall": 0.0,
    "predict_T044_f1": 0.0,
    "predict_T044_number": 2,
    "predict_T044_precision": 0.0,
    "predict_T044_recall": 0.0,
    "predict_T045_f1": 1.0,
    "predict_T045_number": 1,
    "predict_T045_precision": 1.0,
    "predict_T045_recall": 1.0,
    "predict_T046_f1": 0.0,
    "predict_T046_number": 6,
    "predict_T046_precision": 0.0,
    "predict_T046_recall": 0.0,
    "predict_T047_f1": 0.06779661016949153,
    "predict_T047_number": 35,
    "predict_T047_precision": 0.08333333333333333,
    "predict_T047_recall": 0.05714285714285714,
    "predict_T048_f1": 0.16666666666666666,
    "predict_T048_number": 7,
    "predict_T048_precision": 0.2,
    "predict_T048_recall": 0.14285714285714285,
    "predict_T058_f1": 0.6011367435640255,
    "predict_T058_number": 1491,
    "predict_T058_precision": 0.5993333333333334,
    "predict_T058_recall": 0.6029510395707579,
    "predict_T062_f1": 0.5702054794520549,
    "predict_T062_number": 556,
    "predict_T062_precision": 0.5441176470588235,
    "predict_T062_recall": 0.5989208633093526,
    "predict_T074_f1": 0.5774058577405858,
    "predict_T074_number": 120,
    "predict_T074_precision": 0.5798319327731093,
    "predict_T074_recall": 0.575,
    "predict_T082_f1": 0.6289893617021276,
    "predict_T082_number": 751,
    "predict_T082_precision": 0.6281540504648074,
    "predict_T082_recall": 0.62982689747004,
    "predict_T098_f1": 0.7317073170731708,
    "predict_T098_number": 354,
    "predict_T098_precision": 0.703125,
    "predict_T098_recall": 0.7627118644067796,
    "predict_T103_f1": 0.7473479108032042,
    "predict_T103_number": 2230,
    "predict_T103_precision": 0.7224780242779406,
    "predict_T103_recall": 0.7739910313901345,
    "predict_T109_f1": 0.0,
    "predict_T109_number": 4,
    "predict_T109_precision": 0.0,
    "predict_T109_recall": 0.0,
    "predict_T114_f1": 0.0,
    "predict_T114_number": 1,
    "predict_T114_precision": 0.0,
    "predict_T114_recall": 0.0,
    "predict_T116_f1": 0.0,
    "predict_T116_number": 13,
    "predict_T116_precision": 0.0,
    "predict_T116_recall": 0.0,
    "predict_T121_f1": 0.0,
    "predict_T121_number": 2,
    "predict_T121_precision": 0.0,
    "predict_T121_recall": 0.0,
    "predict_T170_f1": 0.5378850957535387,
    "predict_T170_number": 577,
    "predict_T170_precision": 0.5176282051282052,
    "predict_T170_recall": 0.5597920277296361,
    "predict_T184_f1": 0.0,
    "predict_T184_number": 1,
    "predict_T184_precision": 0.0,
    "predict_T184_recall": 0.0,
    "predict_T191_f1": 0.3125,
    "predict_T191_number": 17,
    "predict_T191_precision": 0.3333333333333333,
    "predict_T191_recall": 0.29411764705882354,
    "predict_T204_f1": 0.7764932562620424,
    "predict_T204_number": 517,
    "predict_T204_precision": 0.7735124760076776,
    "predict_T204_recall": 0.7794970986460348,
    "predict_loss": 0.9531146883964539,
    "predict_overall_accuracy": 0.8794648353602649,
    "predict_overall_f1": 0.6500744522442033,
    "predict_overall_precision": 0.637144525060462,
    "predict_overall_recall": 0.6635400382143477,
    "predict_runtime": 3.2396,
    "predict_samples_per_second": 861.225,
    "predict_steps_per_second": 107.73
}