{
    "epoch": 5.0,
    "eval_accuracy": 0.7458590113633409,
    "eval_f1": 0.46752241117431576,
    "eval_loss": 1.0809928178787231,
    "eval_precision": 0.3569349704411096,
    "eval_recall": 0.6773970829377751,
    "eval_runtime": 4.204,
    "eval_samples": 2954,
    "eval_samples_per_second": 702.658,
    "eval_steps_per_second": 88.011,
    "predict_accuracy": 0.7452700013267879,
    "predict_f1": 0.47271748235012573,
    "predict_loss": 1.144235610961914,
    "predict_precision": 0.36198286525862466,
    "predict_recall": 0.68106197741574,
    "predict_runtime": 4.1529,
    "predict_samples_per_second": 693.483,
    "predict_steps_per_second": 86.685,
    "total_flos": 3937727847509106.0,
    "train_loss": 0.6498275238377942,
    "train_runtime": 600.2945,
    "train_samples": 23273,
    "train_samples_per_second": 193.847,
    "train_steps_per_second": 24.238
}