{
    "epoch": 5.0,
    "eval_accuracy": 0.7458590113633409,
    "eval_f1": 0.46752241117431576,
    "eval_loss": 1.0809928178787231,
    "eval_precision": 0.3569349704411096,
    "eval_recall": 0.6773970829377751,
    "eval_runtime": 4.204,
    "eval_samples": 2954,
    "eval_samples_per_second": 702.658,
    "eval_steps_per_second": 88.011
}