{
    "predict_accuracy": 0.7452700013267879,
    "predict_f1": 0.47271748235012573,
    "predict_loss": 1.144235610961914,
    "predict_precision": 0.36198286525862466,
    "predict_recall": 0.68106197741574,
    "predict_runtime": 4.1529,
    "predict_samples_per_second": 693.483,
    "predict_steps_per_second": 86.685
}