{
    "epoch": 10.0,
    "eval_T005_f1": 0.5909090909090909,
    "eval_T005_number": 25,
    "eval_T005_precision": 0.6842105263157895,
    "eval_T005_recall": 0.52,
    "eval_T007_f1": 0.6,
    "eval_T007_number": 45,
    "eval_T007_precision": 0.6857142857142857,
    "eval_T007_recall": 0.5333333333333333,
    "eval_T017_f1": 0.672150411280846,
    "eval_T017_number": 1233,
    "eval_T017_precision": 0.65,
    "eval_T017_recall": 0.6958637469586375,
    "eval_T022_f1": 0.42857142857142855,
    "eval_T022_number": 9,
    "eval_T022_precision": 0.6,
    "eval_T022_recall": 0.3333333333333333,
    "eval_T031_f1": 0.5365853658536586,
    "eval_T031_number": 22,
    "eval_T031_precision": 0.5789473684210527,
    "eval_T031_recall": 0.5,
    "eval_T033_f1": 0.5285076846802181,
    "eval_T033_number": 991,
    "eval_T033_precision": 0.5194931773879142,
    "eval_T033_recall": 0.5378405650857719,
    "eval_T037_f1": 0.5476190476190476,
    "eval_T037_number": 44,
    "eval_T037_precision": 0.575,
    "eval_T037_recall": 0.5227272727272727,
    "eval_T038_f1": 0.69548584544759,
    "eval_T038_number": 2568,
    "eval_T038_precision": 0.6834586466165413,
    "eval_T038_recall": 0.7079439252336449,
    "eval_T058_f1": 0.6100829610721124,
    "eval_T058_number": 1487,
    "eval_T058_precision": 0.5804493017607771,
    "eval_T058_recall": 0.6429051782111634,
    "eval_T062_f1": 0.5529715762273902,
    "eval_T062_number": 552,
    "eval_T062_precision": 0.5270935960591133,
    "eval_T062_recall": 0.5815217391304348,
    "eval_T074_f1": 0.5932203389830509,
    "eval_T074_number": 115,
    "eval_T074_precision": 0.5785123966942148,
    "eval_T074_recall": 0.6086956521739131,
    "eval_T082_f1": 0.5958305312710154,
    "eval_T082_number": 742,
    "eval_T082_precision": 0.5946308724832214,
    "eval_T082_recall": 0.5970350404312669,
    "eval_T091_f1": 0.4444444444444445,
    "eval_T091_number": 20,
    "eval_T091_precision": 0.5,
    "eval_T091_recall": 0.4,
    "eval_T092_f1": 0.19718309859154928,
    "eval_T092_number": 37,
    "eval_T092_precision": 0.20588235294117646,
    "eval_T092_recall": 0.1891891891891892,
    "eval_T097_f1": 0.17142857142857143,
    "eval_T097_number": 15,
    "eval_T097_precision": 0.15,
    "eval_T097_recall": 0.2,
    "eval_T098_f1": 0.7112970711297071,
    "eval_T098_number": 351,
    "eval_T098_precision": 0.6967213114754098,
    "eval_T098_recall": 0.7264957264957265,
    "eval_T103_f1": 0.7524217166028385,
    "eval_T103_number": 2187,
    "eval_T103_precision": 0.7415630550621669,
    "eval_T103_recall": 0.7636031092821216,
    "eval_T168_f1": 0.5,
    "eval_T168_number": 28,
    "eval_T168_precision": 0.5,
    "eval_T168_recall": 0.5,
    "eval_T170_f1": 0.5702547247329498,
    "eval_T170_number": 598,
    "eval_T170_precision": 0.5605815831987075,
    "eval_T170_recall": 0.580267558528428,
    "eval_T201_f1": 0.37142857142857144,
    "eval_T201_number": 40,
    "eval_T201_precision": 0.43333333333333335,
    "eval_T201_recall": 0.325,
    "eval_T204_f1": 0.7625899280575541,
    "eval_T204_number": 478,
    "eval_T204_precision": 0.7494949494949495,
    "eval_T204_recall": 0.7761506276150628,
    "eval_loss": 0.6763636469841003,
    "eval_overall_accuracy": 0.8854824869334581,
    "eval_overall_f1": 0.6551302072342041,
    "eval_overall_precision": 0.6410870642656534,
    "eval_overall_recall": 0.6698023647190817,
    "eval_runtime": 3.3192,
    "eval_samples": 2954,
    "eval_samples_per_second": 889.98,
    "eval_steps_per_second": 111.474,
    "predict_T005_f1": 0.5789473684210527,
    "predict_T005_number": 24,
    "predict_T005_precision": 0.7857142857142857,
    "predict_T005_recall": 0.4583333333333333,
    "predict_T007_f1": 0.711111111111111,
    "predict_T007_number": 44,
    "predict_T007_precision": 0.6956521739130435,
    "predict_T007_recall": 0.7272727272727273,
    "predict_T017_f1": 0.6892870758673275,
    "predict_T017_number": 1271,
    "predict_T017_precision": 0.6686390532544378,
    "predict_T017_recall": 0.7112509834775768,
    "predict_T022_f1": 0.15384615384615383,
    "predict_T022_number": 9,
    "predict_T022_precision": 0.25,
    "predict_T022_recall": 0.1111111111111111,
    "predict_T031_f1": 0.3448275862068966,
    "predict_T031_number": 20,
    "predict_T031_precision": 0.5555555555555556,
    "predict_T031_recall": 0.25,
    "predict_T033_f1": 0.5070717653221583,
    "predict_T033_number": 981,
    "predict_T033_precision": 0.521551724137931,
    "predict_T033_recall": 0.49337410805300713,
    "predict_T037_f1": 0.6097560975609757,
    "predict_T037_number": 43,
    "predict_T037_precision": 0.6410256410256411,
    "predict_T037_recall": 0.5813953488372093,
    "predict_T038_f1": 0.6966640806826998,
    "predict_T038_number": 2515,
    "predict_T038_precision": 0.6800454373343431,
    "predict_T038_recall": 0.7141153081510935,
    "predict_T058_f1": 0.5897932816537468,
    "predict_T058_number": 1473,
    "predict_T058_precision": 0.5625385089340728,
    "predict_T058_recall": 0.6198234894772573,
    "predict_T062_f1": 0.5383275261324043,
    "predict_T062_number": 528,
    "predict_T062_precision": 0.49838709677419357,
    "predict_T062_recall": 0.5852272727272727,
    "predict_T074_f1": 0.5597014925373134,
    "predict_T074_number": 126,
    "predict_T074_precision": 0.528169014084507,
    "predict_T074_recall": 0.5952380952380952,
    "predict_T082_f1": 0.6346153846153846,
    "predict_T082_number": 752,
    "predict_T082_precision": 0.6126237623762376,
    "predict_T082_recall": 0.6582446808510638,
    "predict_T091_f1": 0.4375,
    "predict_T091_number": 19,
    "predict_T091_precision": 0.5384615384615384,
    "predict_T091_recall": 0.3684210526315789,
    "predict_T092_f1": 0.39473684210526316,
    "predict_T092_number": 46,
    "predict_T092_precision": 0.5,
    "predict_T092_recall": 0.32608695652173914,
    "predict_T097_f1": 0.0689655172413793,
    "predict_T097_number": 14,
    "predict_T097_precision": 0.06666666666666667,
    "predict_T097_recall": 0.07142857142857142,
    "predict_T098_f1": 0.7109974424552429,
    "predict_T098_number": 384,
    "predict_T098_precision": 0.6984924623115578,
    "predict_T098_recall": 0.7239583333333334,
    "predict_T103_f1": 0.7403508771929825,
    "predict_T103_number": 2200,
    "predict_T103_precision": 0.7152542372881356,
    "predict_T103_recall": 0.7672727272727272,
    "predict_T168_f1": 0.3076923076923077,
    "predict_T168_number": 29,
    "predict_T168_precision": 0.34782608695652173,
    "predict_T168_recall": 0.27586206896551724,
    "predict_T170_f1": 0.543046357615894,
    "predict_T170_number": 590,
    "predict_T170_precision": 0.5307443365695793,
    "predict_T170_recall": 0.5559322033898305,
    "predict_T201_f1": 0.39436619718309857,
    "predict_T201_number": 39,
    "predict_T201_precision": 0.4375,
    "predict_T201_recall": 0.358974358974359,
    "predict_T204_f1": 0.7947947947947949,
    "predict_T204_number": 494,
    "predict_T204_precision": 0.7861386138613862,
    "predict_T204_recall": 0.8036437246963563,
    "predict_loss": 0.7004675269126892,
    "predict_overall_accuracy": 0.8824333289107071,
    "predict_overall_f1": 0.6537089123042694,
    "predict_overall_precision": 0.6371522094926351,
    "predict_overall_recall": 0.671149038875959,
    "predict_runtime": 3.273,
    "predict_samples_per_second": 879.932,
    "predict_steps_per_second": 109.991,
    "total_flos": 8304581302344096.0,
    "train_loss": 0.1773944552903323,
    "train_runtime": 804.7524,
    "train_samples": 23273,
    "train_samples_per_second": 289.195,
    "train_steps_per_second": 18.08
}