{
    "predict_T005_f1": 0.5789473684210527,
    "predict_T005_number": 24,
    "predict_T005_precision": 0.7857142857142857,
    "predict_T005_recall": 0.4583333333333333,
    "predict_T007_f1": 0.711111111111111,
    "predict_T007_number": 44,
    "predict_T007_precision": 0.6956521739130435,
    "predict_T007_recall": 0.7272727272727273,
    "predict_T017_f1": 0.6892870758673275,
    "predict_T017_number": 1271,
    "predict_T017_precision": 0.6686390532544378,
    "predict_T017_recall": 0.7112509834775768,
    "predict_T022_f1": 0.15384615384615383,
    "predict_T022_number": 9,
    "predict_T022_precision": 0.25,
    "predict_T022_recall": 0.1111111111111111,
    "predict_T031_f1": 0.3448275862068966,
    "predict_T031_number": 20,
    "predict_T031_precision": 0.5555555555555556,
    "predict_T031_recall": 0.25,
    "predict_T033_f1": 0.5070717653221583,
    "predict_T033_number": 981,
    "predict_T033_precision": 0.521551724137931,
    "predict_T033_recall": 0.49337410805300713,
    "predict_T037_f1": 0.6097560975609757,
    "predict_T037_number": 43,
    "predict_T037_precision": 0.6410256410256411,
    "predict_T037_recall": 0.5813953488372093,
    "predict_T038_f1": 0.6966640806826998,
    "predict_T038_number": 2515,
    "predict_T038_precision": 0.6800454373343431,
    "predict_T038_recall": 0.7141153081510935,
    "predict_T058_f1": 0.5897932816537468,
    "predict_T058_number": 1473,
    "predict_T058_precision": 0.5625385089340728,
    "predict_T058_recall": 0.6198234894772573,
    "predict_T062_f1": 0.5383275261324043,
    "predict_T062_number": 528,
    "predict_T062_precision": 0.49838709677419357,
    "predict_T062_recall": 0.5852272727272727,
    "predict_T074_f1": 0.5597014925373134,
    "predict_T074_number": 126,
    "predict_T074_precision": 0.528169014084507,
    "predict_T074_recall": 0.5952380952380952,
    "predict_T082_f1": 0.6346153846153846,
    "predict_T082_number": 752,
    "predict_T082_precision": 0.6126237623762376,
    "predict_T082_recall": 0.6582446808510638,
    "predict_T091_f1": 0.4375,
    "predict_T091_number": 19,
    "predict_T091_precision": 0.5384615384615384,
    "predict_T091_recall": 0.3684210526315789,
    "predict_T092_f1": 0.39473684210526316,
    "predict_T092_number": 46,
    "predict_T092_precision": 0.5,
    "predict_T092_recall": 0.32608695652173914,
    "predict_T097_f1": 0.0689655172413793,
    "predict_T097_number": 14,
    "predict_T097_precision": 0.06666666666666667,
    "predict_T097_recall": 0.07142857142857142,
    "predict_T098_f1": 0.7109974424552429,
    "predict_T098_number": 384,
    "predict_T098_precision": 0.6984924623115578,
    "predict_T098_recall": 0.7239583333333334,
    "predict_T103_f1": 0.7403508771929825,
    "predict_T103_number": 2200,
    "predict_T103_precision": 0.7152542372881356,
    "predict_T103_recall": 0.7672727272727272,
    "predict_T168_f1": 0.3076923076923077,
    "predict_T168_number": 29,
    "predict_T168_precision": 0.34782608695652173,
    "predict_T168_recall": 0.27586206896551724,
    "predict_T170_f1": 0.543046357615894,
    "predict_T170_number": 590,
    "predict_T170_precision": 0.5307443365695793,
    "predict_T170_recall": 0.5559322033898305,
    "predict_T201_f1": 0.39436619718309857,
    "predict_T201_number": 39,
    "predict_T201_precision": 0.4375,
    "predict_T201_recall": 0.358974358974359,
    "predict_T204_f1": 0.7947947947947949,
    "predict_T204_number": 494,
    "predict_T204_precision": 0.7861386138613862,
    "predict_T204_recall": 0.8036437246963563,
    "predict_loss": 0.7004675269126892,
    "predict_overall_accuracy": 0.8824333289107071,
    "predict_overall_f1": 0.6537089123042694,
    "predict_overall_precision": 0.6371522094926351,
    "predict_overall_recall": 0.671149038875959,
    "predict_runtime": 3.273,
    "predict_samples_per_second": 879.932,
    "predict_steps_per_second": 109.991
}