{
    "epoch": 5.0,
    "eval_accuracy": 0.8793197597316483,
    "eval_f1": 0.6303498676970894,
    "eval_loss": 0.4430800974369049,
    "eval_precision": 0.6139747995418099,
    "eval_recall": 0.6476223353758522,
    "eval_runtime": 4.1787,
    "eval_samples": 2954,
    "eval_samples_per_second": 706.926,
    "eval_steps_per_second": 88.545,
    "predict_accuracy": 0.8754544248374685,
    "predict_f1": 0.630784708249497,
    "predict_loss": 0.46558502316474915,
    "predict_precision": 0.6139534883720931,
    "predict_recall": 0.6485647788983708,
    "predict_runtime": 4.1093,
    "predict_samples_per_second": 700.858,
    "predict_steps_per_second": 87.607,
    "total_flos": 4675789053242034.0,
    "train_loss": 0.3193376049552996,
    "train_runtime": 478.9786,
    "train_samples": 23273,
    "train_samples_per_second": 242.944,
    "train_steps_per_second": 15.189
}