{
    "epoch": 5.0,
    "eval_accuracy": 0.8793197597316483,
    "eval_f1": 0.6303498676970894,
    "eval_loss": 0.4430800974369049,
    "eval_precision": 0.6139747995418099,
    "eval_recall": 0.6476223353758522,
    "eval_runtime": 4.1787,
    "eval_samples": 2954,
    "eval_samples_per_second": 706.926,
    "eval_steps_per_second": 88.545
}